"Raja-Elie E. Abdulnour, MD",Pulmonology,617-632-6036
,,
"Gregory A. Abel, MD, MPH",Medical Oncology,617-632-1906
,,
"Janet L. Abrahm, MD",Palliative Medicine,617-632-6464
,,
"Thomas A. Abrams, MD",Medical Oncology,617-632-6932
,,
"Aya Abu-El-Haija, MD, MPH",Medical Oncology,617-632-6164
,,
"Utkarsh Acharya, DO, FACP",Medical Oncology,857-215-0396
,,
"Maureen M. Achebe, MD, MPH",Hematology,617-732-5190 (Hematology Main Line)
,,
"Shailesh Agarwal, MD",Plastic and Reconstructive Surgery,No Number Available
,,
"Suneet Agarwal, MD, PhD",Pediatric Hematology/Oncology,617-919-4610
,,
"Agoston Agoston, MD, PhD",Pathology,617-732-7510
,,
"Andrew Aguirre, MD, PhD",Medical Oncology,617-632-5707
,,
"Ayal Aizer, MD, MHS",Radiation Oncology,617-732-7560
,,
"Brian M. Alexander, MD, MPH",Radiation Oncology,617-732-7560
,,
"Erik K. Alexander, MD",Endocrinology,617-732-5666
,,
"Sanda Alexandrescu, MD",Pathology,617-355-7431
,,
"Alyaa Al-Ibraheemi, MD",Pathology,617-355-7431
,,
"Ossama Al-Mefty, MD",Neurosurgery,617-525-9451
,,
"Kenneth C. Anderson, MD",Medical Oncology,617-632-2144
,,
"Mark E. Anderson, MD",Hematology/Oncology,781-624-4800
,,
"Megan E. Anderson, MD",Surgical Oncology,617-355-6021
,,
"Michael J. Anderson, MD",Hematology/Oncology,781-624-4800
,,
"Nancy T. Andrea, MD",Medical Oncology,617-632-3398
,,
"Donald J. Annino, Jr., MD, DMD",Surgical Oncology,617-632-3091
,,
"Joseph H. Antin, MD",Medical Oncology,617-632-2525
,,
"Elisa Aquilanti, MD",Neuro-Oncology,617-632-2166
,,
"Natasha M. Archer, MD",Pediatric Hematology/Oncology,617-355-8246
,,
"Philippe Armand, MD, PhD",Medical Oncology,617-632-6844
,,
"Scott A. Armstrong, MD, PhD",Pediatric Hematology/Oncology,617-632-3644
,,
"Omar Arnaout, MD",Neurosurgery,617-525-8135
,,
"Stanley W. Ashley, MD",Surgical Oncology,617-732-6730
